{
  "float": 1.24815739284710478594274018450372432784024,
  "round": 1.000000,
  "invalid": foo,
  "exponent": 1E5
}